starttime	seconds	ctime	dtime	ttime	wait
Sat Jun 22 15:01:39 2019	1561215699	0	106	106	105
Sat Jun 22 15:01:22 2019	1561215682	0	112	112	111
Sat Jun 22 15:01:16 2019	1561215676	0	113	113	112
Sat Jun 22 15:01:30 2019	1561215690	0	114	114	113
Sat Jun 22 15:01:27 2019	1561215687	0	116	116	116
Sat Jun 22 15:01:40 2019	1561215700	0	118	118	118
Sat Jun 22 15:01:27 2019	1561215687	0	119	119	119
Sat Jun 22 15:01:36 2019	1561215696	0	119	120	119
Sat Jun 22 15:01:28 2019	1561215688	0	120	120	120
Sat Jun 22 15:01:30 2019	1561215690	0	120	120	119
Sat Jun 22 15:01:15 2019	1561215675	0	121	121	120
Sat Jun 22 15:01:32 2019	1561215692	0	123	123	123
Sat Jun 22 15:01:25 2019	1561215685	0	124	124	123
Sat Jun 22 15:01:14 2019	1561215674	0	126	126	120
Sat Jun 22 15:01:17 2019	1561215677	0	126	126	126
Sat Jun 22 15:01:14 2019	1561215674	0	126	127	126
Sat Jun 22 15:01:36 2019	1561215696	0	128	128	115
Sat Jun 22 15:01:24 2019	1561215684	0	131	132	131
Sat Jun 22 15:01:27 2019	1561215687	0	132	132	132
Sat Jun 22 15:01:15 2019	1561215675	0	133	133	132
Sat Jun 22 15:01:37 2019	1561215697	0	133	133	132
Sat Jun 22 15:01:17 2019	1561215677	0	133	134	133
Sat Jun 22 15:01:22 2019	1561215682	0	133	134	133
Sat Jun 22 15:01:33 2019	1561215693	0	135	135	134
Sat Jun 22 15:01:21 2019	1561215681	0	137	138	137
Sat Jun 22 15:01:27 2019	1561215687	0	138	138	138
Sat Jun 22 15:01:22 2019	1561215682	0	141	141	131
Sat Jun 22 15:01:27 2019	1561215687	0	141	142	141
Sat Jun 22 15:01:35 2019	1561215695	0	142	142	142
Sat Jun 22 15:01:18 2019	1561215678	0	142	142	142
Sat Jun 22 15:01:20 2019	1561215680	0	142	143	142
Sat Jun 22 15:01:39 2019	1561215699	0	142	143	142
Sat Jun 22 15:01:39 2019	1561215699	0	143	143	142
Sat Jun 22 15:01:35 2019	1561215695	0	143	143	137
Sat Jun 22 15:01:17 2019	1561215677	0	143	143	143
Sat Jun 22 15:01:22 2019	1561215682	0	144	145	144
Sat Jun 22 15:01:21 2019	1561215681	0	145	145	136
Sat Jun 22 15:01:17 2019	1561215677	0	146	146	146
Sat Jun 22 15:01:23 2019	1561215683	0	146	146	146
Sat Jun 22 15:01:36 2019	1561215696	0	146	147	146
Sat Jun 22 15:01:32 2019	1561215692	0	147	147	147
Sat Jun 22 15:01:41 2019	1561215701	0	147	147	147
Sat Jun 22 15:01:30 2019	1561215690	0	148	148	147
Sat Jun 22 15:01:12 2019	1561215672	0	149	149	149
Sat Jun 22 15:01:15 2019	1561215675	0	150	150	150
Sat Jun 22 15:01:41 2019	1561215701	0	151	151	151
Sat Jun 22 15:01:29 2019	1561215689	0	151	152	151
Sat Jun 22 15:01:23 2019	1561215683	0	152	152	151
Sat Jun 22 15:01:24 2019	1561215684	0	152	152	152
Sat Jun 22 15:01:41 2019	1561215701	0	152	153	152
Sat Jun 22 15:01:19 2019	1561215679	0	153	153	153
Sat Jun 22 15:01:32 2019	1561215692	0	154	154	153
Sat Jun 22 15:01:20 2019	1561215680	0	155	155	154
Sat Jun 22 15:01:24 2019	1561215684	0	155	155	144
Sat Jun 22 15:01:35 2019	1561215695	0	156	156	139
Sat Jun 22 15:01:34 2019	1561215694	0	156	156	156
Sat Jun 22 15:01:41 2019	1561215701	0	159	159	158
Sat Jun 22 15:01:27 2019	1561215687	0	159	159	159
Sat Jun 22 15:01:34 2019	1561215694	0	160	160	159
Sat Jun 22 15:01:25 2019	1561215685	0	162	162	161
Sat Jun 22 15:01:23 2019	1561215683	0	163	164	163
Sat Jun 22 15:01:24 2019	1561215684	0	164	164	164
Sat Jun 22 15:01:39 2019	1561215699	0	164	164	164
Sat Jun 22 15:01:29 2019	1561215689	0	164	165	164
Sat Jun 22 15:01:20 2019	1561215680	0	166	166	165
Sat Jun 22 15:01:26 2019	1561215686	0	166	166	165
Sat Jun 22 15:01:14 2019	1561215674	0	166	166	165
Sat Jun 22 15:01:28 2019	1561215688	0	166	166	166
Sat Jun 22 15:01:30 2019	1561215690	0	168	168	167
Sat Jun 22 15:01:35 2019	1561215695	0	168	169	168
Sat Jun 22 15:01:15 2019	1561215675	0	170	170	170
Sat Jun 22 15:01:35 2019	1561215695	0	171	171	160
Sat Jun 22 15:01:38 2019	1561215698	0	171	172	171
Sat Jun 22 15:01:14 2019	1561215674	0	171	172	162
Sat Jun 22 15:01:14 2019	1561215674	0	172	172	171
Sat Jun 22 15:01:37 2019	1561215697	0	173	174	173
Sat Jun 22 15:01:23 2019	1561215683	0	174	174	174
Sat Jun 22 15:01:26 2019	1561215686	0	176	176	176
Sat Jun 22 15:01:23 2019	1561215683	0	177	178	177
Sat Jun 22 15:01:23 2019	1561215683	0	178	178	177
Sat Jun 22 15:01:34 2019	1561215694	0	178	178	178
Sat Jun 22 15:01:18 2019	1561215678	0	179	179	164
Sat Jun 22 15:01:20 2019	1561215680	0	179	179	179
Sat Jun 22 15:01:40 2019	1561215700	0	181	181	181
Sat Jun 22 15:01:40 2019	1561215700	0	181	181	181
Sat Jun 22 15:01:24 2019	1561215684	0	182	182	181
Sat Jun 22 15:01:40 2019	1561215700	0	182	182	181
Sat Jun 22 15:01:23 2019	1561215683	0	182	183	182
Sat Jun 22 15:01:16 2019	1561215676	0	184	185	184
Sat Jun 22 15:01:29 2019	1561215689	0	185	186	176
Sat Jun 22 15:01:22 2019	1561215682	0	186	187	186
Sat Jun 22 15:01:38 2019	1561215698	0	186	187	186
Sat Jun 22 15:01:20 2019	1561215680	0	187	187	187
Sat Jun 22 15:01:19 2019	1561215679	0	188	188	168
Sat Jun 22 15:01:37 2019	1561215697	0	188	189	188
Sat Jun 22 15:01:18 2019	1561215678	0	189	189	188
Sat Jun 22 15:01:28 2019	1561215688	0	189	189	184
Sat Jun 22 15:01:16 2019	1561215676	0	189	189	188
Sat Jun 22 15:01:19 2019	1561215679	0	192	192	192
Sat Jun 22 15:01:27 2019	1561215687	0	193	193	182
Sat Jun 22 15:01:41 2019	1561215701	0	194	194	194
Sat Jun 22 15:01:36 2019	1561215696	0	196	196	196
Sat Jun 22 15:01:24 2019	1561215684	0	196	196	196
Sat Jun 22 15:01:21 2019	1561215681	0	196	197	196
Sat Jun 22 15:01:14 2019	1561215674	0	196	197	187
Sat Jun 22 15:01:16 2019	1561215676	0	197	197	197
Sat Jun 22 15:01:30 2019	1561215690	0	198	198	197
Sat Jun 22 15:01:21 2019	1561215681	0	200	200	200
Sat Jun 22 15:01:15 2019	1561215675	0	200	201	200
Sat Jun 22 15:01:40 2019	1561215700	0	201	201	201
Sat Jun 22 15:01:40 2019	1561215700	0	201	202	201
Sat Jun 22 15:01:33 2019	1561215693	0	201	202	201
Sat Jun 22 15:01:20 2019	1561215680	0	202	202	185
Sat Jun 22 15:01:28 2019	1561215688	0	202	202	194
Sat Jun 22 15:01:21 2019	1561215681	0	202	202	202
Sat Jun 22 15:01:38 2019	1561215698	0	202	203	202
Sat Jun 22 15:01:36 2019	1561215696	0	203	203	203
Sat Jun 22 15:01:25 2019	1561215685	0	204	204	204
Sat Jun 22 15:01:36 2019	1561215696	0	204	204	203
Sat Jun 22 15:01:18 2019	1561215678	0	204	204	204
Sat Jun 22 15:01:16 2019	1561215676	0	204	205	204
Sat Jun 22 15:01:19 2019	1561215679	0	205	205	204
Sat Jun 22 15:01:21 2019	1561215681	0	205	205	204
Sat Jun 22 15:01:26 2019	1561215686	0	205	206	205
Sat Jun 22 15:01:36 2019	1561215696	0	206	206	205
Sat Jun 22 15:01:30 2019	1561215690	0	206	206	205
Sat Jun 22 15:01:24 2019	1561215684	0	206	207	206
Sat Jun 22 15:01:30 2019	1561215690	0	206	207	206
Sat Jun 22 15:01:37 2019	1561215697	0	206	207	206
Sat Jun 22 15:01:22 2019	1561215682	0	207	207	207
Sat Jun 22 15:01:19 2019	1561215679	0	207	208	207
Sat Jun 22 15:01:33 2019	1561215693	0	208	208	208
Sat Jun 22 15:01:13 2019	1561215673	0	208	208	207
Sat Jun 22 15:01:12 2019	1561215672	0	208	208	208
Sat Jun 22 15:01:22 2019	1561215682	0	209	209	208
Sat Jun 22 15:01:27 2019	1561215687	0	209	209	208
Sat Jun 22 15:01:14 2019	1561215674	0	209	210	209
Sat Jun 22 15:01:13 2019	1561215673	0	210	210	209
Sat Jun 22 15:01:29 2019	1561215689	0	210	210	210
Sat Jun 22 15:01:20 2019	1561215680	0	210	211	210
Sat Jun 22 15:01:19 2019	1561215679	0	211	211	211
Sat Jun 22 15:01:25 2019	1561215685	0	211	211	211
Sat Jun 22 15:01:25 2019	1561215685	0	211	212	211
Sat Jun 22 15:01:30 2019	1561215690	0	211	212	211
Sat Jun 22 15:01:36 2019	1561215696	0	212	212	211
Sat Jun 22 15:01:20 2019	1561215680	0	212	212	211
Sat Jun 22 15:01:38 2019	1561215698	0	212	212	212
Sat Jun 22 15:01:26 2019	1561215686	0	213	213	212
Sat Jun 22 15:01:35 2019	1561215695	0	213	213	213
Sat Jun 22 15:01:21 2019	1561215681	0	213	213	198
Sat Jun 22 15:01:35 2019	1561215695	0	213	213	212
Sat Jun 22 15:01:35 2019	1561215695	0	213	213	213
Sat Jun 22 15:01:41 2019	1561215701	0	213	214	213
Sat Jun 22 15:01:31 2019	1561215691	0	214	214	213
Sat Jun 22 15:01:28 2019	1561215688	0	214	214	204
Sat Jun 22 15:01:25 2019	1561215685	0	214	215	214
Sat Jun 22 15:01:39 2019	1561215699	0	215	215	214
Sat Jun 22 15:01:26 2019	1561215686	0	215	215	215
Sat Jun 22 15:01:34 2019	1561215694	0	215	215	215
Sat Jun 22 15:01:21 2019	1561215681	0	215	216	215
Sat Jun 22 15:01:32 2019	1561215692	0	215	216	215
Sat Jun 22 15:01:20 2019	1561215680	0	216	216	200
Sat Jun 22 15:01:39 2019	1561215699	0	217	217	217
Sat Jun 22 15:01:40 2019	1561215700	0	217	218	217
Sat Jun 22 15:01:21 2019	1561215681	0	218	218	209
Sat Jun 22 15:01:22 2019	1561215682	0	219	219	218
Sat Jun 22 15:01:22 2019	1561215682	0	219	219	219
Sat Jun 22 15:01:39 2019	1561215699	0	219	219	219
Sat Jun 22 15:01:30 2019	1561215690	0	219	219	219
Sat Jun 22 15:01:26 2019	1561215686	0	219	220	219
Sat Jun 22 15:01:28 2019	1561215688	0	220	220	220
Sat Jun 22 15:01:26 2019	1561215686	0	220	220	214
Sat Jun 22 15:01:16 2019	1561215676	0	221	221	220
Sat Jun 22 15:01:21 2019	1561215681	0	221	221	221
Sat Jun 22 15:01:16 2019	1561215676	0	221	222	205
Sat Jun 22 15:01:35 2019	1561215695	0	221	222	221
Sat Jun 22 15:01:19 2019	1561215679	0	222	222	222
Sat Jun 22 15:01:41 2019	1561215701	0	222	223	222
Sat Jun 22 15:01:33 2019	1561215693	0	223	223	212
Sat Jun 22 15:01:13 2019	1561215673	0	223	223	223
Sat Jun 22 15:01:34 2019	1561215694	0	223	223	223
Sat Jun 22 15:01:21 2019	1561215681	0	223	223	223
Sat Jun 22 15:01:32 2019	1561215692	0	223	223	223
Sat Jun 22 15:01:39 2019	1561215699	0	223	224	223
Sat Jun 22 15:01:25 2019	1561215685	0	224	224	214
Sat Jun 22 15:01:39 2019	1561215699	0	224	224	223
Sat Jun 22 15:01:33 2019	1561215693	0	224	225	224
Sat Jun 22 15:01:28 2019	1561215688	1	224	225	224
Sat Jun 22 15:01:17 2019	1561215677	0	224	225	224
Sat Jun 22 15:01:14 2019	1561215674	0	225	225	225
Sat Jun 22 15:01:29 2019	1561215689	0	226	226	226
Sat Jun 22 15:01:20 2019	1561215680	0	226	227	226
Sat Jun 22 15:01:16 2019	1561215676	0	226	227	226
Sat Jun 22 15:01:18 2019	1561215678	0	226	227	226
Sat Jun 22 15:01:34 2019	1561215694	0	227	227	227
Sat Jun 22 15:01:17 2019	1561215677	0	227	227	227
Sat Jun 22 15:01:23 2019	1561215683	0	227	228	227
Sat Jun 22 15:01:20 2019	1561215680	0	227	228	227
Sat Jun 22 15:01:34 2019	1561215694	0	228	228	228
Sat Jun 22 15:01:29 2019	1561215689	0	228	228	203
Sat Jun 22 15:01:24 2019	1561215684	0	229	229	229
Sat Jun 22 15:01:28 2019	1561215688	0	229	229	229
Sat Jun 22 15:01:21 2019	1561215681	0	229	230	229
Sat Jun 22 15:01:37 2019	1561215697	0	229	230	229
Sat Jun 22 15:01:23 2019	1561215683	0	230	230	229
Sat Jun 22 15:01:18 2019	1561215678	0	230	230	204
Sat Jun 22 15:01:33 2019	1561215693	0	230	230	230
Sat Jun 22 15:01:33 2019	1561215693	0	230	231	221
Sat Jun 22 15:01:32 2019	1561215692	46	185	231	184
Sat Jun 22 15:01:37 2019	1561215697	0	231	231	231
Sat Jun 22 15:01:16 2019	1561215676	0	231	231	231
Sat Jun 22 15:01:14 2019	1561215674	0	231	231	220
Sat Jun 22 15:01:34 2019	1561215694	0	232	232	232
Sat Jun 22 15:01:36 2019	1561215696	0	232	232	232
Sat Jun 22 15:01:15 2019	1561215675	0	233	233	232
Sat Jun 22 15:01:32 2019	1561215692	0	233	233	233
Sat Jun 22 15:01:41 2019	1561215701	0	233	233	222
Sat Jun 22 15:01:25 2019	1561215685	0	233	234	231
Sat Jun 22 15:01:27 2019	1561215687	0	234	234	226
Sat Jun 22 15:01:12 2019	1561215672	0	234	234	234
Sat Jun 22 15:01:37 2019	1561215697	0	234	234	233
Sat Jun 22 15:01:28 2019	1561215688	0	234	234	233
Sat Jun 22 15:01:21 2019	1561215681	0	234	234	233
Sat Jun 22 15:01:17 2019	1561215677	0	235	235	222
Sat Jun 22 15:01:41 2019	1561215701	0	235	235	235
Sat Jun 22 15:01:26 2019	1561215686	0	235	235	231
Sat Jun 22 15:01:17 2019	1561215677	0	235	236	235
Sat Jun 22 15:01:31 2019	1561215691	0	236	236	236
Sat Jun 22 15:01:37 2019	1561215697	0	236	236	226
Sat Jun 22 15:01:19 2019	1561215679	0	236	236	236
Sat Jun 22 15:01:29 2019	1561215689	0	236	237	236
Sat Jun 22 15:01:15 2019	1561215675	0	236	237	236
Sat Jun 22 15:01:34 2019	1561215694	0	237	237	236
Sat Jun 22 15:01:39 2019	1561215699	0	237	237	237
Sat Jun 22 15:01:37 2019	1561215697	0	237	237	237
Sat Jun 22 15:01:23 2019	1561215683	0	238	238	238
Sat Jun 22 15:01:40 2019	1561215700	0	238	238	237
Sat Jun 22 15:01:39 2019	1561215699	0	238	238	238
Sat Jun 22 15:01:18 2019	1561215678	0	238	238	238
Sat Jun 22 15:01:17 2019	1561215677	0	238	238	238
Sat Jun 22 15:01:12 2019	1561215672	0	238	239	238
Sat Jun 22 15:01:13 2019	1561215673	0	239	239	238
Sat Jun 22 15:01:33 2019	1561215693	0	239	239	239
Sat Jun 22 15:01:36 2019	1561215696	0	239	239	239
Sat Jun 22 15:01:31 2019	1561215691	0	239	239	239
Sat Jun 22 15:01:22 2019	1561215682	0	240	240	240
Sat Jun 22 15:01:28 2019	1561215688	0	240	241	240
Sat Jun 22 15:01:32 2019	1561215692	0	240	241	240
Sat Jun 22 15:01:36 2019	1561215696	0	241	241	241
Sat Jun 22 15:01:25 2019	1561215685	0	241	241	240
Sat Jun 22 15:01:26 2019	1561215686	0	241	241	241
Sat Jun 22 15:01:15 2019	1561215675	0	241	242	241
Sat Jun 22 15:01:41 2019	1561215701	0	241	242	241
Sat Jun 22 15:01:13 2019	1561215673	0	242	242	241
Sat Jun 22 15:01:35 2019	1561215695	0	242	242	242
Sat Jun 22 15:01:31 2019	1561215691	0	242	242	227
Sat Jun 22 15:01:30 2019	1561215690	0	243	243	242
Sat Jun 22 15:01:37 2019	1561215697	1	243	243	242
Sat Jun 22 15:01:38 2019	1561215698	0	243	243	243
Sat Jun 22 15:01:33 2019	1561215693	0	243	243	243
Sat Jun 22 15:01:22 2019	1561215682	0	243	243	243
Sat Jun 22 15:01:15 2019	1561215675	0	244	244	244
Sat Jun 22 15:01:23 2019	1561215683	0	244	244	243
Sat Jun 22 15:01:31 2019	1561215691	0	244	244	235
Sat Jun 22 15:01:36 2019	1561215696	0	244	244	244
Sat Jun 22 15:01:29 2019	1561215689	0	244	244	244
Sat Jun 22 15:01:19 2019	1561215679	0	244	244	244
Sat Jun 22 15:01:13 2019	1561215673	0	244	244	244
Sat Jun 22 15:01:31 2019	1561215691	0	244	244	244
Sat Jun 22 15:01:26 2019	1561215686	0	244	244	239
Sat Jun 22 15:01:34 2019	1561215694	0	244	245	244
Sat Jun 22 15:01:30 2019	1561215690	0	244	245	244
Sat Jun 22 15:01:19 2019	1561215679	0	245	245	245
Sat Jun 22 15:01:35 2019	1561215695	0	245	245	244
Sat Jun 22 15:01:13 2019	1561215673	0	245	245	233
Sat Jun 22 15:01:25 2019	1561215685	0	246	246	246
Sat Jun 22 15:01:37 2019	1561215697	0	246	246	238
Sat Jun 22 15:01:16 2019	1561215676	0	246	246	246
Sat Jun 22 15:01:15 2019	1561215675	0	246	246	239
Sat Jun 22 15:01:29 2019	1561215689	0	247	247	247
Sat Jun 22 15:01:14 2019	1561215674	0	247	247	246
Sat Jun 22 15:01:21 2019	1561215681	0	247	247	243
Sat Jun 22 15:01:28 2019	1561215688	0	247	247	247
Sat Jun 22 15:01:12 2019	1561215672	0	248	248	248
Sat Jun 22 15:01:18 2019	1561215678	0	248	248	248
Sat Jun 22 15:01:33 2019	1561215693	0	248	248	232
Sat Jun 22 15:01:17 2019	1561215677	0	248	249	248
Sat Jun 22 15:01:16 2019	1561215676	0	249	249	249
Sat Jun 22 15:01:27 2019	1561215687	0	249	249	231
Sat Jun 22 15:01:31 2019	1561215691	0	250	250	242
Sat Jun 22 15:01:19 2019	1561215679	0	250	250	249
Sat Jun 22 15:01:38 2019	1561215698	0	250	250	250
Sat Jun 22 15:01:31 2019	1561215691	0	250	250	250
Sat Jun 22 15:01:31 2019	1561215691	0	250	250	250
Sat Jun 22 15:01:14 2019	1561215674	0	250	251	250
Sat Jun 22 15:01:36 2019	1561215696	0	250	251	250
Sat Jun 22 15:01:39 2019	1561215699	0	251	251	251
Sat Jun 22 15:01:19 2019	1561215679	0	251	251	247
Sat Jun 22 15:01:19 2019	1561215679	0	251	251	251
Sat Jun 22 15:01:20 2019	1561215680	0	251	251	251
Sat Jun 22 15:01:12 2019	1561215672	0	251	251	245
Sat Jun 22 15:01:39 2019	1561215699	0	251	251	250
Sat Jun 22 15:01:30 2019	1561215690	0	251	251	251
Sat Jun 22 15:01:30 2019	1561215690	0	251	251	251
Sat Jun 22 15:01:38 2019	1561215698	0	251	251	239
Sat Jun 22 15:01:36 2019	1561215696	0	251	251	251
Sat Jun 22 15:01:18 2019	1561215678	0	252	252	252
Sat Jun 22 15:01:18 2019	1561215678	0	252	252	251
Sat Jun 22 15:01:19 2019	1561215679	0	252	252	245
Sat Jun 22 15:01:38 2019	1561215698	0	252	252	252
Sat Jun 22 15:01:14 2019	1561215674	0	252	252	252
Sat Jun 22 15:01:13 2019	1561215673	0	252	252	252
Sat Jun 22 15:01:34 2019	1561215694	0	252	252	252
Sat Jun 22 15:01:29 2019	1561215689	0	252	252	252
Sat Jun 22 15:01:25 2019	1561215685	0	253	253	253
Sat Jun 22 15:01:25 2019	1561215685	0	253	253	247
Sat Jun 22 15:01:20 2019	1561215680	0	253	253	239
Sat Jun 22 15:01:24 2019	1561215684	0	253	253	253
Sat Jun 22 15:01:28 2019	1561215688	0	254	254	254
Sat Jun 22 15:01:19 2019	1561215679	0	254	254	253
Sat Jun 22 15:01:34 2019	1561215694	0	254	254	253
Sat Jun 22 15:01:16 2019	1561215676	0	254	254	254
Sat Jun 22 15:01:24 2019	1561215684	0	254	254	241
Sat Jun 22 15:01:35 2019	1561215695	0	254	254	253
Sat Jun 22 15:01:13 2019	1561215673	0	254	255	254
Sat Jun 22 15:01:38 2019	1561215698	0	254	255	254
Sat Jun 22 15:01:35 2019	1561215695	0	254	255	254
Sat Jun 22 15:01:35 2019	1561215695	0	254	255	250
Sat Jun 22 15:01:29 2019	1561215689	0	255	255	254
Sat Jun 22 15:01:38 2019	1561215698	0	255	255	255
Sat Jun 22 15:01:32 2019	1561215692	0	255	256	255
Sat Jun 22 15:01:32 2019	1561215692	0	255	256	255
Sat Jun 22 15:01:19 2019	1561215679	0	255	256	253
Sat Jun 22 15:01:38 2019	1561215698	0	255	256	255
Sat Jun 22 15:01:31 2019	1561215691	0	255	256	253
Sat Jun 22 15:01:31 2019	1561215691	0	256	256	256
Sat Jun 22 15:01:32 2019	1561215692	0	256	256	256
Sat Jun 22 15:01:14 2019	1561215674	0	256	256	256
Sat Jun 22 15:01:18 2019	1561215678	0	256	256	256
Sat Jun 22 15:01:33 2019	1561215693	0	256	256	256
Sat Jun 22 15:01:26 2019	1561215686	0	256	256	256
Sat Jun 22 15:01:25 2019	1561215685	0	256	256	246
Sat Jun 22 15:01:28 2019	1561215688	0	256	256	256
Sat Jun 22 15:01:26 2019	1561215686	0	256	256	256
Sat Jun 22 15:01:37 2019	1561215697	0	256	256	256
Sat Jun 22 15:01:38 2019	1561215698	0	256	257	254
Sat Jun 22 15:01:36 2019	1561215696	0	256	257	256
Sat Jun 22 15:01:28 2019	1561215688	0	257	257	257
Sat Jun 22 15:01:22 2019	1561215682	0	257	258	257
Sat Jun 22 15:01:23 2019	1561215683	0	257	258	248
Sat Jun 22 15:01:27 2019	1561215687	0	258	258	258
Sat Jun 22 15:01:31 2019	1561215691	0	258	258	258
Sat Jun 22 15:01:13 2019	1561215673	0	258	258	258
Sat Jun 22 15:01:23 2019	1561215683	0	258	258	258
Sat Jun 22 15:01:26 2019	1561215686	0	258	259	258
Sat Jun 22 15:01:31 2019	1561215691	0	259	259	259
Sat Jun 22 15:01:28 2019	1561215688	0	259	259	258
Sat Jun 22 15:01:12 2019	1561215672	0	259	259	248
Sat Jun 22 15:01:21 2019	1561215681	0	259	259	259
Sat Jun 22 15:01:18 2019	1561215678	0	260	260	260
Sat Jun 22 15:01:18 2019	1561215678	0	260	260	259
Sat Jun 22 15:01:36 2019	1561215696	0	260	260	260
Sat Jun 22 15:01:15 2019	1561215675	0	260	260	248
Sat Jun 22 15:01:28 2019	1561215688	0	260	261	260
Sat Jun 22 15:01:40 2019	1561215700	0	260	261	255
Sat Jun 22 15:01:40 2019	1561215700	0	260	261	243
Sat Jun 22 15:01:31 2019	1561215691	0	260	261	260
Sat Jun 22 15:01:27 2019	1561215687	0	260	261	260
Sat Jun 22 15:01:37 2019	1561215697	0	261	261	260
Sat Jun 22 15:01:34 2019	1561215694	0	261	261	257
Sat Jun 22 15:01:33 2019	1561215693	0	261	261	250
Sat Jun 22 15:01:24 2019	1561215684	0	261	261	250
Sat Jun 22 15:01:12 2019	1561215672	0	261	262	261
Sat Jun 22 15:01:13 2019	1561215673	0	262	262	262
Sat Jun 22 15:01:37 2019	1561215697	1	261	262	261
Sat Jun 22 15:01:37 2019	1561215697	0	262	262	261
Sat Jun 22 15:01:36 2019	1561215696	0	262	262	256
Sat Jun 22 15:01:14 2019	1561215674	0	262	262	262
Sat Jun 22 15:01:20 2019	1561215680	0	263	263	262
Sat Jun 22 15:01:15 2019	1561215675	0	263	263	263
Sat Jun 22 15:01:35 2019	1561215695	0	263	263	263
Sat Jun 22 15:01:26 2019	1561215686	0	263	263	252
Sat Jun 22 15:01:34 2019	1561215694	0	263	263	263
Sat Jun 22 15:01:41 2019	1561215701	0	263	264	263
Sat Jun 22 15:01:37 2019	1561215697	0	263	264	263
Sat Jun 22 15:01:29 2019	1561215689	0	264	264	261
Sat Jun 22 15:01:16 2019	1561215676	0	264	264	261
Sat Jun 22 15:01:33 2019	1561215693	0	264	264	256
Sat Jun 22 15:01:38 2019	1561215698	0	264	265	253
Sat Jun 22 15:01:17 2019	1561215677	0	265	265	252
Sat Jun 22 15:01:33 2019	1561215693	0	265	265	265
Sat Jun 22 15:01:16 2019	1561215676	0	265	265	265
Sat Jun 22 15:01:30 2019	1561215690	0	265	266	265
Sat Jun 22 15:01:39 2019	1561215699	0	265	266	265
Sat Jun 22 15:01:32 2019	1561215692	0	265	266	265
Sat Jun 22 15:01:35 2019	1561215695	0	266	266	266
Sat Jun 22 15:01:12 2019	1561215672	0	266	266	266
Sat Jun 22 15:01:22 2019	1561215682	0	266	266	266
Sat Jun 22 15:01:18 2019	1561215678	0	266	267	266
Sat Jun 22 15:01:25 2019	1561215685	0	267	267	267
Sat Jun 22 15:01:33 2019	1561215693	0	267	267	267
Sat Jun 22 15:01:15 2019	1561215675	0	267	267	253
Sat Jun 22 15:01:32 2019	1561215692	0	267	267	267
Sat Jun 22 15:01:26 2019	1561215686	0	267	267	267
Sat Jun 22 15:01:34 2019	1561215694	0	267	268	267
Sat Jun 22 15:01:39 2019	1561215699	0	268	268	251
Sat Jun 22 15:01:18 2019	1561215678	0	268	268	268
Sat Jun 22 15:01:12 2019	1561215672	0	268	268	259
Sat Jun 22 15:01:18 2019	1561215678	0	269	269	256
Sat Jun 22 15:01:18 2019	1561215678	0	269	269	269
Sat Jun 22 15:01:40 2019	1561215700	0	269	269	269
Sat Jun 22 15:01:25 2019	1561215685	0	269	269	269
Sat Jun 22 15:01:13 2019	1561215673	0	270	270	245
Sat Jun 22 15:01:39 2019	1561215699	0	270	270	269
Sat Jun 22 15:01:15 2019	1561215675	0	270	270	269
Sat Jun 22 15:01:34 2019	1561215694	0	270	270	270
Sat Jun 22 15:01:20 2019	1561215680	0	270	270	270
Sat Jun 22 15:01:33 2019	1561215693	0	270	271	270
Sat Jun 22 15:01:41 2019	1561215701	0	270	271	270
Sat Jun 22 15:01:12 2019	1561215672	0	270	271	270
Sat Jun 22 15:01:13 2019	1561215673	0	271	271	270
Sat Jun 22 15:01:29 2019	1561215689	0	271	271	262
Sat Jun 22 15:01:33 2019	1561215693	0	271	271	271
Sat Jun 22 15:01:37 2019	1561215697	0	271	271	271
Sat Jun 22 15:01:35 2019	1561215695	0	271	271	271
Sat Jun 22 15:01:32 2019	1561215692	0	271	272	259
Sat Jun 22 15:01:30 2019	1561215690	0	271	272	271
Sat Jun 22 15:01:41 2019	1561215701	0	271	272	271
Sat Jun 22 15:01:20 2019	1561215680	0	272	272	263
Sat Jun 22 15:01:31 2019	1561215691	0	272	272	271
Sat Jun 22 15:01:29 2019	1561215689	0	272	272	271
Sat Jun 22 15:01:30 2019	1561215690	0	272	272	272
Sat Jun 22 15:01:32 2019	1561215692	0	272	272	272
Sat Jun 22 15:01:12 2019	1561215672	0	272	272	272
Sat Jun 22 15:01:25 2019	1561215685	0	272	272	272
Sat Jun 22 15:01:31 2019	1561215691	0	272	272	267
Sat Jun 22 15:01:12 2019	1561215672	0	272	272	272
Sat Jun 22 15:01:23 2019	1561215683	0	272	272	272
Sat Jun 22 15:01:24 2019	1561215684	0	272	273	272
Sat Jun 22 15:01:19 2019	1561215679	0	273	273	273
Sat Jun 22 15:01:35 2019	1561215695	0	273	273	259
Sat Jun 22 15:01:25 2019	1561215685	0	273	273	262
Sat Jun 22 15:01:23 2019	1561215683	0	273	274	273
Sat Jun 22 15:01:33 2019	1561215693	0	273	274	264
Sat Jun 22 15:01:33 2019	1561215693	0	274	274	273
Sat Jun 22 15:01:26 2019	1561215686	0	274	274	274
Sat Jun 22 15:01:12 2019	1561215672	0	274	274	270
Sat Jun 22 15:01:27 2019	1561215687	0	274	274	274
Sat Jun 22 15:01:26 2019	1561215686	0	274	274	274
Sat Jun 22 15:01:25 2019	1561215685	0	274	275	263
Sat Jun 22 15:01:40 2019	1561215700	0	275	275	274
Sat Jun 22 15:01:21 2019	1561215681	0	275	275	274
Sat Jun 22 15:01:21 2019	1561215681	0	275	275	275
Sat Jun 22 15:01:18 2019	1561215678	0	275	275	275
Sat Jun 22 15:01:18 2019	1561215678	0	275	275	275
Sat Jun 22 15:01:16 2019	1561215676	0	275	275	275
Sat Jun 22 15:01:14 2019	1561215674	0	275	275	275
Sat Jun 22 15:01:40 2019	1561215700	0	275	275	267
Sat Jun 22 15:01:41 2019	1561215701	0	275	275	275
Sat Jun 22 15:01:27 2019	1561215687	0	275	275	275
Sat Jun 22 15:01:35 2019	1561215695	0	275	276	267
Sat Jun 22 15:01:32 2019	1561215692	1	275	276	267
Sat Jun 22 15:01:34 2019	1561215694	0	276	276	276
Sat Jun 22 15:01:31 2019	1561215691	0	276	276	276
Sat Jun 22 15:01:13 2019	1561215673	0	276	276	275
Sat Jun 22 15:01:40 2019	1561215700	0	276	277	276
Sat Jun 22 15:01:38 2019	1561215698	0	277	277	276
Sat Jun 22 15:01:23 2019	1561215683	0	277	277	261
Sat Jun 22 15:01:28 2019	1561215688	0	277	278	273
Sat Jun 22 15:01:36 2019	1561215696	0	278	278	277
Sat Jun 22 15:01:12 2019	1561215672	0	278	278	268
Sat Jun 22 15:01:12 2019	1561215672	0	278	278	274
Sat Jun 22 15:01:36 2019	1561215696	0	278	278	278
Sat Jun 22 15:01:18 2019	1561215678	0	278	278	278
Sat Jun 22 15:01:15 2019	1561215675	0	278	278	278
Sat Jun 22 15:01:21 2019	1561215681	0	278	278	278
Sat Jun 22 15:01:16 2019	1561215676	0	278	278	278
Sat Jun 22 15:01:12 2019	1561215672	0	278	279	278
Sat Jun 22 15:01:39 2019	1561215699	0	279	279	279
Sat Jun 22 15:01:38 2019	1561215698	0	279	279	279
Sat Jun 22 15:01:29 2019	1561215689	0	279	279	279
Sat Jun 22 15:01:30 2019	1561215690	0	279	279	279
Sat Jun 22 15:01:14 2019	1561215674	0	279	279	267
Sat Jun 22 15:01:39 2019	1561215699	0	279	280	279
Sat Jun 22 15:01:16 2019	1561215676	0	279	280	279
Sat Jun 22 15:01:21 2019	1561215681	0	280	280	265
Sat Jun 22 15:01:40 2019	1561215700	0	280	280	280
Sat Jun 22 15:01:29 2019	1561215689	0	280	280	280
Sat Jun 22 15:01:26 2019	1561215686	0	280	280	280
Sat Jun 22 15:01:21 2019	1561215681	0	280	280	280
Sat Jun 22 15:01:35 2019	1561215695	0	280	281	280
Sat Jun 22 15:01:18 2019	1561215678	0	280	281	280
Sat Jun 22 15:01:31 2019	1561215691	0	281	281	280
Sat Jun 22 15:01:35 2019	1561215695	0	281	281	281
Sat Jun 22 15:01:20 2019	1561215680	0	281	281	267
Sat Jun 22 15:01:19 2019	1561215679	0	281	281	281
Sat Jun 22 15:01:12 2019	1561215672	0	281	281	281
Sat Jun 22 15:01:23 2019	1561215683	0	281	282	281
Sat Jun 22 15:01:37 2019	1561215697	0	281	282	281
Sat Jun 22 15:01:24 2019	1561215684	0	282	282	281
Sat Jun 22 15:01:31 2019	1561215691	0	282	282	282
Sat Jun 22 15:01:25 2019	1561215685	0	282	282	272
Sat Jun 22 15:01:40 2019	1561215700	0	282	282	282
Sat Jun 22 15:01:15 2019	1561215675	0	282	283	278
Sat Jun 22 15:01:16 2019	1561215676	0	282	283	274
Sat Jun 22 15:01:23 2019	1561215683	0	283	283	282
Sat Jun 22 15:01:37 2019	1561215697	0	283	283	283
Sat Jun 22 15:01:22 2019	1561215682	0	283	284	283
Sat Jun 22 15:01:14 2019	1561215674	0	284	284	284
Sat Jun 22 15:01:12 2019	1561215672	0	284	284	284
Sat Jun 22 15:01:31 2019	1561215691	0	284	284	284
Sat Jun 22 15:01:14 2019	1561215674	0	284	284	283
Sat Jun 22 15:01:31 2019	1561215691	0	284	284	284
Sat Jun 22 15:01:16 2019	1561215676	0	284	284	263
Sat Jun 22 15:01:22 2019	1561215682	0	284	284	278
Sat Jun 22 15:01:38 2019	1561215698	0	284	284	284
Sat Jun 22 15:01:18 2019	1561215678	0	284	284	272
Sat Jun 22 15:01:34 2019	1561215694	0	284	284	284
Sat Jun 22 15:01:32 2019	1561215692	3	282	285	282
Sat Jun 22 15:01:24 2019	1561215684	0	284	285	284
Sat Jun 22 15:01:29 2019	1561215689	0	285	285	284
Sat Jun 22 15:01:24 2019	1561215684	0	285	285	285
Sat Jun 22 15:01:17 2019	1561215677	0	285	286	285
Sat Jun 22 15:01:31 2019	1561215691	0	285	286	285
Sat Jun 22 15:01:17 2019	1561215677	0	285	286	285
Sat Jun 22 15:01:33 2019	1561215693	0	286	286	286
Sat Jun 22 15:01:29 2019	1561215689	0	286	286	286
Sat Jun 22 15:01:38 2019	1561215698	0	286	287	286
Sat Jun 22 15:01:32 2019	1561215692	0	286	287	286
Sat Jun 22 15:01:41 2019	1561215701	0	286	287	286
Sat Jun 22 15:01:29 2019	1561215689	0	287	287	287
Sat Jun 22 15:01:15 2019	1561215675	0	287	287	276
Sat Jun 22 15:01:34 2019	1561215694	0	287	287	287
Sat Jun 22 15:01:28 2019	1561215688	0	287	287	287
Sat Jun 22 15:01:39 2019	1561215699	0	287	287	285
Sat Jun 22 15:01:13 2019	1561215673	0	287	288	287
Sat Jun 22 15:01:20 2019	1561215680	0	287	288	275
Sat Jun 22 15:01:27 2019	1561215687	0	288	288	287
Sat Jun 22 15:01:40 2019	1561215700	0	288	288	288
Sat Jun 22 15:01:35 2019	1561215695	0	288	288	275
Sat Jun 22 15:01:41 2019	1561215701	0	288	288	286
Sat Jun 22 15:01:12 2019	1561215672	0	288	288	288
Sat Jun 22 15:01:15 2019	1561215675	0	288	288	288
Sat Jun 22 15:01:40 2019	1561215700	0	288	288	278
Sat Jun 22 15:01:13 2019	1561215673	0	288	289	288
Sat Jun 22 15:01:16 2019	1561215676	0	288	289	288
Sat Jun 22 15:01:28 2019	1561215688	0	289	289	288
Sat Jun 22 15:01:24 2019	1561215684	0	289	289	289
Sat Jun 22 15:01:12 2019	1561215672	0	290	290	290
Sat Jun 22 15:01:34 2019	1561215694	0	290	290	290
Sat Jun 22 15:01:16 2019	1561215676	0	290	291	290
Sat Jun 22 15:01:13 2019	1561215673	0	291	291	291
Sat Jun 22 15:01:36 2019	1561215696	0	291	291	291
Sat Jun 22 15:01:32 2019	1561215692	0	291	291	291
Sat Jun 22 15:01:15 2019	1561215675	0	291	292	291
Sat Jun 22 15:01:40 2019	1561215700	0	291	292	291
Sat Jun 22 15:01:33 2019	1561215693	0	291	292	291
Sat Jun 22 15:01:33 2019	1561215693	0	291	292	291
Sat Jun 22 15:01:19 2019	1561215679	0	292	292	279
Sat Jun 22 15:01:39 2019	1561215699	0	292	292	291
Sat Jun 22 15:01:34 2019	1561215694	0	292	292	279
Sat Jun 22 15:01:22 2019	1561215682	0	292	292	289
Sat Jun 22 15:01:25 2019	1561215685	0	292	292	292
Sat Jun 22 15:01:14 2019	1561215674	0	292	292	292
Sat Jun 22 15:01:25 2019	1561215685	0	292	293	292
Sat Jun 22 15:01:20 2019	1561215680	0	293	293	292
Sat Jun 22 15:01:13 2019	1561215673	0	293	293	293
Sat Jun 22 15:01:14 2019	1561215674	0	293	293	293
Sat Jun 22 15:01:31 2019	1561215691	0	293	293	290
Sat Jun 22 15:01:33 2019	1561215693	0	293	293	293
Sat Jun 22 15:01:28 2019	1561215688	0	293	293	293
Sat Jun 22 15:01:31 2019	1561215691	0	293	293	293
Sat Jun 22 15:01:24 2019	1561215684	0	293	294	293
Sat Jun 22 15:01:38 2019	1561215698	0	293	294	293
Sat Jun 22 15:01:12 2019	1561215672	0	293	294	293
Sat Jun 22 15:01:13 2019	1561215673	0	293	294	293
Sat Jun 22 15:01:31 2019	1561215691	0	294	294	294
Sat Jun 22 15:01:35 2019	1561215695	0	294	294	283
Sat Jun 22 15:01:28 2019	1561215688	0	294	294	286
Sat Jun 22 15:01:12 2019	1561215672	0	294	294	294
Sat Jun 22 15:01:28 2019	1561215688	0	294	294	287
Sat Jun 22 15:01:12 2019	1561215672	0	294	295	294
Sat Jun 22 15:01:39 2019	1561215699	0	294	295	294
Sat Jun 22 15:01:12 2019	1561215672	0	295	295	295
Sat Jun 22 15:01:17 2019	1561215677	0	295	295	294
Sat Jun 22 15:01:25 2019	1561215685	0	295	295	295
Sat Jun 22 15:01:29 2019	1561215689	0	295	295	295
Sat Jun 22 15:01:24 2019	1561215684	0	295	296	295
Sat Jun 22 15:01:36 2019	1561215696	0	295	296	295
Sat Jun 22 15:01:41 2019	1561215701	0	296	296	295
Sat Jun 22 15:01:29 2019	1561215689	0	296	296	286
Sat Jun 22 15:01:36 2019	1561215696	0	296	296	296
Sat Jun 22 15:01:13 2019	1561215673	0	296	296	296
Sat Jun 22 15:01:36 2019	1561215696	0	296	296	296
Sat Jun 22 15:01:30 2019	1561215690	0	296	296	283
Sat Jun 22 15:01:30 2019	1561215690	0	296	296	296
Sat Jun 22 15:01:36 2019	1561215696	0	296	296	293
Sat Jun 22 15:01:17 2019	1561215677	0	296	297	296
Sat Jun 22 15:01:24 2019	1561215684	0	296	297	296
Sat Jun 22 15:01:13 2019	1561215673	0	297	297	296
Sat Jun 22 15:01:29 2019	1561215689	0	297	297	296
Sat Jun 22 15:01:34 2019	1561215694	0	297	297	297
Sat Jun 22 15:01:34 2019	1561215694	0	297	297	293
Sat Jun 22 15:01:29 2019	1561215689	0	297	297	289
Sat Jun 22 15:01:17 2019	1561215677	0	297	297	297
Sat Jun 22 15:01:37 2019	1561215697	0	297	298	297
Sat Jun 22 15:01:21 2019	1561215681	0	297	298	292
Sat Jun 22 15:01:35 2019	1561215695	0	298	298	298
Sat Jun 22 15:01:33 2019	1561215693	1	298	298	298
Sat Jun 22 15:01:33 2019	1561215693	0	299	299	290
Sat Jun 22 15:01:12 2019	1561215672	0	299	299	284
Sat Jun 22 15:01:13 2019	1561215673	0	299	300	295
Sat Jun 22 15:01:25 2019	1561215685	0	299	300	299
Sat Jun 22 15:01:17 2019	1561215677	0	300	300	291
Sat Jun 22 15:01:21 2019	1561215681	0	300	300	299
Sat Jun 22 15:01:31 2019	1561215691	0	300	300	300
Sat Jun 22 15:01:12 2019	1561215672	0	300	300	300
Sat Jun 22 15:01:19 2019	1561215679	0	301	301	300
Sat Jun 22 15:01:26 2019	1561215686	0	300	301	290
Sat Jun 22 15:01:26 2019	1561215686	0	301	301	301
Sat Jun 22 15:01:38 2019	1561215698	0	301	301	301
Sat Jun 22 15:01:16 2019	1561215676	0	301	301	293
Sat Jun 22 15:01:16 2019	1561215676	0	301	301	301
Sat Jun 22 15:01:12 2019	1561215672	0	301	301	301
Sat Jun 22 15:01:21 2019	1561215681	0	301	302	301
Sat Jun 22 15:01:17 2019	1561215677	0	301	302	301
Sat Jun 22 15:01:40 2019	1561215700	0	302	302	285
Sat Jun 22 15:01:39 2019	1561215699	0	302	302	301
Sat Jun 22 15:01:17 2019	1561215677	0	302	302	293
Sat Jun 22 15:01:41 2019	1561215701	0	303	303	291
Sat Jun 22 15:01:12 2019	1561215672	0	303	303	294
Sat Jun 22 15:01:23 2019	1561215683	0	303	303	296
Sat Jun 22 15:01:28 2019	1561215688	0	303	303	303
Sat Jun 22 15:01:19 2019	1561215679	0	303	303	303
Sat Jun 22 15:01:15 2019	1561215675	0	303	303	303
Sat Jun 22 15:01:26 2019	1561215686	0	303	303	287
Sat Jun 22 15:01:18 2019	1561215678	0	303	304	303
Sat Jun 22 15:01:32 2019	1561215692	0	303	304	303
Sat Jun 22 15:01:32 2019	1561215692	0	303	304	303
Sat Jun 22 15:01:12 2019	1561215672	0	303	304	299
Sat Jun 22 15:01:31 2019	1561215691	0	303	304	300
Sat Jun 22 15:01:16 2019	1561215676	0	304	304	304
Sat Jun 22 15:01:20 2019	1561215680	0	304	304	303
Sat Jun 22 15:01:35 2019	1561215695	1	304	304	303
Sat Jun 22 15:01:39 2019	1561215699	0	304	304	304
Sat Jun 22 15:01:29 2019	1561215689	0	304	304	304
Sat Jun 22 15:01:23 2019	1561215683	0	304	305	304
Sat Jun 22 15:01:14 2019	1561215674	0	304	305	302
Sat Jun 22 15:01:27 2019	1561215687	0	304	305	304
Sat Jun 22 15:01:32 2019	1561215692	0	305	305	298
Sat Jun 22 15:01:24 2019	1561215684	0	305	306	305
Sat Jun 22 15:01:16 2019	1561215676	0	305	306	290
Sat Jun 22 15:01:26 2019	1561215686	0	305	306	305
Sat Jun 22 15:01:33 2019	1561215693	0	306	306	306
Sat Jun 22 15:01:36 2019	1561215696	0	306	306	306
Sat Jun 22 15:01:39 2019	1561215699	0	306	306	306
Sat Jun 22 15:01:27 2019	1561215687	0	306	306	306
Sat Jun 22 15:01:40 2019	1561215700	0	306	307	306
Sat Jun 22 15:01:40 2019	1561215700	0	306	307	306
Sat Jun 22 15:01:40 2019	1561215700	0	307	307	292
Sat Jun 22 15:01:24 2019	1561215684	0	307	307	307
Sat Jun 22 15:01:30 2019	1561215690	0	307	307	307
Sat Jun 22 15:01:37 2019	1561215697	0	307	307	307
Sat Jun 22 15:01:15 2019	1561215675	0	307	308	307
Sat Jun 22 15:01:21 2019	1561215681	0	308	308	297
Sat Jun 22 15:01:26 2019	1561215686	0	308	308	308
Sat Jun 22 15:01:22 2019	1561215682	0	308	308	308
Sat Jun 22 15:01:39 2019	1561215699	0	308	308	308
Sat Jun 22 15:01:17 2019	1561215677	0	309	309	295
Sat Jun 22 15:01:20 2019	1561215680	0	309	309	309
Sat Jun 22 15:01:17 2019	1561215677	0	309	309	298
Sat Jun 22 15:01:28 2019	1561215688	0	309	309	308
Sat Jun 22 15:01:37 2019	1561215697	0	309	309	309
Sat Jun 22 15:01:24 2019	1561215684	0	310	310	309
Sat Jun 22 15:01:28 2019	1561215688	0	310	310	310
Sat Jun 22 15:01:30 2019	1561215690	0	310	310	302
Sat Jun 22 15:01:31 2019	1561215691	0	310	310	306
Sat Jun 22 15:01:34 2019	1561215694	0	310	310	310
Sat Jun 22 15:01:36 2019	1561215696	0	310	310	304
Sat Jun 22 15:01:31 2019	1561215691	0	310	310	310
Sat Jun 22 15:01:32 2019	1561215692	0	311	311	311
Sat Jun 22 15:01:26 2019	1561215686	0	311	311	310
Sat Jun 22 15:01:38 2019	1561215698	0	311	311	301
Sat Jun 22 15:01:21 2019	1561215681	0	311	311	298
Sat Jun 22 15:01:34 2019	1561215694	0	311	311	310
Sat Jun 22 15:01:15 2019	1561215675	0	311	311	311
Sat Jun 22 15:01:29 2019	1561215689	0	311	311	310
Sat Jun 22 15:01:16 2019	1561215676	0	311	311	311
Sat Jun 22 15:01:20 2019	1561215680	0	311	311	311
Sat Jun 22 15:01:18 2019	1561215678	0	311	311	311
Sat Jun 22 15:01:16 2019	1561215676	0	311	311	311
Sat Jun 22 15:01:23 2019	1561215683	0	312	312	311
Sat Jun 22 15:01:23 2019	1561215683	0	311	312	298
Sat Jun 22 15:01:22 2019	1561215682	0	312	312	312
Sat Jun 22 15:01:30 2019	1561215690	0	312	312	306
Sat Jun 22 15:01:38 2019	1561215698	0	312	312	303
Sat Jun 22 15:01:30 2019	1561215690	0	312	312	312
Sat Jun 22 15:01:26 2019	1561215686	0	312	312	312
Sat Jun 22 15:01:23 2019	1561215683	0	312	313	312
Sat Jun 22 15:01:12 2019	1561215672	0	313	313	313
Sat Jun 22 15:01:29 2019	1561215689	0	313	313	313
Sat Jun 22 15:01:17 2019	1561215677	0	313	314	313
Sat Jun 22 15:01:22 2019	1561215682	0	313	314	313
Sat Jun 22 15:01:14 2019	1561215674	0	314	314	314
Sat Jun 22 15:01:16 2019	1561215676	0	314	314	314
Sat Jun 22 15:01:41 2019	1561215701	0	314	314	314
Sat Jun 22 15:01:38 2019	1561215698	0	314	314	302
Sat Jun 22 15:01:27 2019	1561215687	0	314	314	314
Sat Jun 22 15:01:22 2019	1561215682	0	314	315	314
Sat Jun 22 15:01:30 2019	1561215690	0	314	315	314
Sat Jun 22 15:01:35 2019	1561215695	0	314	315	314
Sat Jun 22 15:01:30 2019	1561215690	0	314	315	304
Sat Jun 22 15:01:14 2019	1561215674	0	315	315	315
Sat Jun 22 15:01:19 2019	1561215679	0	315	315	315
Sat Jun 22 15:01:14 2019	1561215674	0	315	315	315
Sat Jun 22 15:01:30 2019	1561215690	0	315	316	315
Sat Jun 22 15:01:15 2019	1561215675	0	315	316	315
Sat Jun 22 15:01:23 2019	1561215683	0	315	316	315
Sat Jun 22 15:01:26 2019	1561215686	0	315	316	315
Sat Jun 22 15:01:26 2019	1561215686	0	316	316	311
Sat Jun 22 15:01:41 2019	1561215701	0	316	316	315
Sat Jun 22 15:01:30 2019	1561215690	0	316	317	316
Sat Jun 22 15:01:28 2019	1561215688	0	316	317	316
Sat Jun 22 15:01:22 2019	1561215682	0	317	317	317
Sat Jun 22 15:01:24 2019	1561215684	0	317	317	317
Sat Jun 22 15:01:24 2019	1561215684	0	317	318	301
Sat Jun 22 15:01:24 2019	1561215684	0	318	318	317
Sat Jun 22 15:01:37 2019	1561215697	0	318	318	318
Sat Jun 22 15:01:20 2019	1561215680	0	318	318	318
Sat Jun 22 15:01:33 2019	1561215693	0	318	318	318
Sat Jun 22 15:01:24 2019	1561215684	0	318	319	318
Sat Jun 22 15:01:38 2019	1561215698	0	318	319	318
Sat Jun 22 15:01:22 2019	1561215682	0	319	319	319
Sat Jun 22 15:01:15 2019	1561215675	0	319	319	319
Sat Jun 22 15:01:23 2019	1561215683	0	319	319	319
Sat Jun 22 15:01:28 2019	1561215688	0	319	319	319
Sat Jun 22 15:01:38 2019	1561215698	0	319	319	319
Sat Jun 22 15:01:37 2019	1561215697	0	319	319	319
Sat Jun 22 15:01:40 2019	1561215700	0	319	320	319
Sat Jun 22 15:01:13 2019	1561215673	0	320	320	320
Sat Jun 22 15:01:22 2019	1561215682	0	320	320	320
Sat Jun 22 15:01:38 2019	1561215698	0	320	320	320
Sat Jun 22 15:01:20 2019	1561215680	0	320	320	310
Sat Jun 22 15:01:17 2019	1561215677	0	320	320	320
Sat Jun 22 15:01:12 2019	1561215672	0	320	321	320
Sat Jun 22 15:01:18 2019	1561215678	0	321	321	307
Sat Jun 22 15:01:27 2019	1561215687	0	321	321	321
Sat Jun 22 15:01:35 2019	1561215695	0	321	321	307
Sat Jun 22 15:01:29 2019	1561215689	0	321	321	321
Sat Jun 22 15:01:24 2019	1561215684	0	321	321	312
Sat Jun 22 15:01:32 2019	1561215692	0	321	321	321
Sat Jun 22 15:01:34 2019	1561215694	0	322	322	322
Sat Jun 22 15:01:17 2019	1561215677	0	322	322	322
Sat Jun 22 15:01:21 2019	1561215681	0	322	322	307
Sat Jun 22 15:01:41 2019	1561215701	0	322	322	301
Sat Jun 22 15:01:40 2019	1561215700	0	322	322	322
Sat Jun 22 15:01:37 2019	1561215697	0	322	323	322
Sat Jun 22 15:01:22 2019	1561215682	0	323	323	317
Sat Jun 22 15:01:25 2019	1561215685	0	323	323	323
Sat Jun 22 15:01:32 2019	1561215692	0	323	323	323
Sat Jun 22 15:01:40 2019	1561215700	0	323	323	322
Sat Jun 22 15:01:26 2019	1561215686	0	323	323	323
Sat Jun 22 15:01:30 2019	1561215690	0	323	323	297
Sat Jun 22 15:01:35 2019	1561215695	0	323	324	323
Sat Jun 22 15:01:14 2019	1561215674	0	323	324	319
Sat Jun 22 15:01:28 2019	1561215688	0	324	324	314
Sat Jun 22 15:01:28 2019	1561215688	0	324	324	324
Sat Jun 22 15:01:17 2019	1561215677	0	324	324	324
Sat Jun 22 15:01:37 2019	1561215697	0	324	324	324
Sat Jun 22 15:01:24 2019	1561215684	0	324	325	324
Sat Jun 22 15:01:32 2019	1561215692	0	324	325	308
Sat Jun 22 15:01:24 2019	1561215684	0	324	325	324
Sat Jun 22 15:01:16 2019	1561215676	0	325	325	325
Sat Jun 22 15:01:17 2019	1561215677	0	325	325	325
Sat Jun 22 15:01:18 2019	1561215678	0	325	325	325
Sat Jun 22 15:01:27 2019	1561215687	0	325	325	325
Sat Jun 22 15:01:40 2019	1561215700	0	325	326	325
Sat Jun 22 15:01:13 2019	1561215673	0	325	326	325
Sat Jun 22 15:01:14 2019	1561215674	0	326	326	326
Sat Jun 22 15:01:22 2019	1561215682	0	326	326	298
Sat Jun 22 15:01:37 2019	1561215697	0	326	327	314
Sat Jun 22 15:01:15 2019	1561215675	0	327	327	327
Sat Jun 22 15:01:18 2019	1561215678	0	327	327	327
Sat Jun 22 15:01:18 2019	1561215678	0	327	328	327
Sat Jun 22 15:01:36 2019	1561215696	0	327	328	327
Sat Jun 22 15:01:36 2019	1561215696	0	327	328	326
Sat Jun 22 15:01:27 2019	1561215687	0	328	328	322
Sat Jun 22 15:01:28 2019	1561215688	0	328	329	328
Sat Jun 22 15:01:33 2019	1561215693	0	329	329	328
Sat Jun 22 15:01:40 2019	1561215700	0	329	329	321
Sat Jun 22 15:01:36 2019	1561215696	0	329	329	329
Sat Jun 22 15:01:22 2019	1561215682	0	329	329	329
Sat Jun 22 15:01:27 2019	1561215687	0	329	330	329
Sat Jun 22 15:01:36 2019	1561215696	0	329	330	329
Sat Jun 22 15:01:40 2019	1561215700	0	330	330	330
Sat Jun 22 15:01:24 2019	1561215684	0	330	330	330
Sat Jun 22 15:01:37 2019	1561215697	0	330	330	319
Sat Jun 22 15:01:23 2019	1561215683	0	330	330	330
Sat Jun 22 15:01:28 2019	1561215688	0	330	331	330
Sat Jun 22 15:01:31 2019	1561215691	0	330	331	330
Sat Jun 22 15:01:27 2019	1561215687	0	330	331	327
Sat Jun 22 15:01:17 2019	1561215677	0	330	331	330
Sat Jun 22 15:01:41 2019	1561215701	1	330	331	330
Sat Jun 22 15:01:17 2019	1561215677	0	331	331	318
Sat Jun 22 15:01:32 2019	1561215692	0	331	331	323
Sat Jun 22 15:01:29 2019	1561215689	0	331	331	331
Sat Jun 22 15:01:29 2019	1561215689	0	331	332	331
Sat Jun 22 15:01:25 2019	1561215685	0	331	332	331
Sat Jun 22 15:01:32 2019	1561215692	0	332	332	332
Sat Jun 22 15:01:23 2019	1561215683	0	332	332	332
Sat Jun 22 15:01:27 2019	1561215687	0	332	332	332
Sat Jun 22 15:01:26 2019	1561215686	0	332	332	332
Sat Jun 22 15:01:26 2019	1561215686	0	332	332	332
Sat Jun 22 15:01:13 2019	1561215673	0	332	333	332
Sat Jun 22 15:01:26 2019	1561215686	0	332	333	332
Sat Jun 22 15:01:16 2019	1561215676	0	333	333	325
Sat Jun 22 15:01:36 2019	1561215696	0	333	333	332
Sat Jun 22 15:01:28 2019	1561215688	0	333	333	333
Sat Jun 22 15:01:25 2019	1561215685	0	333	333	333
Sat Jun 22 15:01:40 2019	1561215700	0	333	333	333
Sat Jun 22 15:01:34 2019	1561215694	0	333	333	333
Sat Jun 22 15:01:21 2019	1561215681	0	333	333	333
Sat Jun 22 15:01:41 2019	1561215701	0	333	333	333
Sat Jun 22 15:01:19 2019	1561215679	0	333	334	323
Sat Jun 22 15:01:31 2019	1561215691	0	333	334	324
Sat Jun 22 15:01:30 2019	1561215690	0	334	334	324
Sat Jun 22 15:01:31 2019	1561215691	0	334	334	334
Sat Jun 22 15:01:20 2019	1561215680	0	335	335	334
Sat Jun 22 15:01:25 2019	1561215685	0	335	336	335
Sat Jun 22 15:01:22 2019	1561215682	0	336	336	331
Sat Jun 22 15:01:17 2019	1561215677	0	336	336	336
Sat Jun 22 15:01:20 2019	1561215680	0	337	337	337
Sat Jun 22 15:01:32 2019	1561215692	0	337	337	337
Sat Jun 22 15:01:15 2019	1561215675	0	338	338	337
Sat Jun 22 15:01:14 2019	1561215674	0	338	338	338
Sat Jun 22 15:01:16 2019	1561215676	0	338	338	338
Sat Jun 22 15:01:12 2019	1561215672	0	338	339	338
Sat Jun 22 15:01:16 2019	1561215676	0	339	339	325
Sat Jun 22 15:01:15 2019	1561215675	0	339	339	332
Sat Jun 22 15:01:36 2019	1561215696	0	339	340	339
Sat Jun 22 15:01:12 2019	1561215672	0	339	340	339
Sat Jun 22 15:01:27 2019	1561215687	0	340	340	340
Sat Jun 22 15:01:33 2019	1561215693	0	340	340	327
Sat Jun 22 15:01:16 2019	1561215676	0	340	340	340
Sat Jun 22 15:01:12 2019	1561215672	0	340	340	340
Sat Jun 22 15:01:31 2019	1561215691	0	340	341	333
Sat Jun 22 15:01:17 2019	1561215677	0	341	341	341
Sat Jun 22 15:01:34 2019	1561215694	0	342	342	341
Sat Jun 22 15:01:19 2019	1561215679	0	342	342	342
Sat Jun 22 15:01:23 2019	1561215683	0	342	342	335
Sat Jun 22 15:01:40 2019	1561215700	0	342	343	342
Sat Jun 22 15:01:17 2019	1561215677	0	343	343	343
Sat Jun 22 15:01:23 2019	1561215683	0	343	344	341
Sat Jun 22 15:01:21 2019	1561215681	0	343	344	343
Sat Jun 22 15:01:17 2019	1561215677	0	343	344	343
Sat Jun 22 15:01:30 2019	1561215690	0	344	344	344
Sat Jun 22 15:01:35 2019	1561215695	0	344	344	344
Sat Jun 22 15:01:13 2019	1561215673	0	344	344	328
Sat Jun 22 15:01:27 2019	1561215687	0	344	345	344
Sat Jun 22 15:01:18 2019	1561215678	0	345	345	345
Sat Jun 22 15:01:18 2019	1561215678	0	345	345	345
Sat Jun 22 15:01:19 2019	1561215679	0	345	345	339
Sat Jun 22 15:01:20 2019	1561215680	0	345	346	336
Sat Jun 22 15:01:38 2019	1561215698	0	346	346	345
Sat Jun 22 15:01:21 2019	1561215681	0	346	346	346
Sat Jun 22 15:01:35 2019	1561215695	0	346	346	346
Sat Jun 22 15:01:23 2019	1561215683	0	346	347	343
Sat Jun 22 15:01:23 2019	1561215683	0	347	347	337
Sat Jun 22 15:01:35 2019	1561215695	0	347	348	347
Sat Jun 22 15:01:36 2019	1561215696	0	348	348	332
Sat Jun 22 15:01:22 2019	1561215682	0	348	348	348
Sat Jun 22 15:01:15 2019	1561215675	0	348	349	339
Sat Jun 22 15:01:36 2019	1561215696	0	349	349	349
Sat Jun 22 15:01:31 2019	1561215691	0	349	349	349
Sat Jun 22 15:01:23 2019	1561215683	0	349	349	349
Sat Jun 22 15:01:38 2019	1561215698	0	349	349	349
Sat Jun 22 15:01:20 2019	1561215680	0	349	350	340
Sat Jun 22 15:01:16 2019	1561215676	0	349	350	349
Sat Jun 22 15:01:19 2019	1561215679	0	350	350	340
Sat Jun 22 15:01:18 2019	1561215678	0	350	350	349
Sat Jun 22 15:01:38 2019	1561215698	0	350	350	350
Sat Jun 22 15:01:37 2019	1561215697	0	350	350	350
Sat Jun 22 15:01:19 2019	1561215679	0	350	351	350
Sat Jun 22 15:01:13 2019	1561215673	0	350	351	350
Sat Jun 22 15:01:40 2019	1561215700	0	351	351	351
Sat Jun 22 15:01:26 2019	1561215686	0	351	351	351
Sat Jun 22 15:01:37 2019	1561215697	0	351	351	351
Sat Jun 22 15:01:22 2019	1561215682	0	352	352	352
Sat Jun 22 15:01:40 2019	1561215700	0	352	352	352
Sat Jun 22 15:01:13 2019	1561215673	0	353	353	353
Sat Jun 22 15:01:29 2019	1561215689	1	353	353	353
Sat Jun 22 15:01:23 2019	1561215683	0	353	353	353
Sat Jun 22 15:01:20 2019	1561215680	0	353	353	353
Sat Jun 22 15:01:32 2019	1561215692	0	353	354	353
Sat Jun 22 15:01:19 2019	1561215679	0	354	354	353
Sat Jun 22 15:01:37 2019	1561215697	0	354	354	354
Sat Jun 22 15:01:34 2019	1561215694	0	354	354	354
Sat Jun 22 15:01:33 2019	1561215693	0	354	354	354
Sat Jun 22 15:01:32 2019	1561215692	0	355	355	355
Sat Jun 22 15:01:12 2019	1561215672	0	356	356	356
Sat Jun 22 15:01:22 2019	1561215682	0	356	356	336
Sat Jun 22 15:01:25 2019	1561215685	0	356	356	356
Sat Jun 22 15:01:29 2019	1561215689	0	357	357	357
Sat Jun 22 15:01:17 2019	1561215677	0	357	357	342
Sat Jun 22 15:01:25 2019	1561215685	0	357	358	357
Sat Jun 22 15:01:29 2019	1561215689	0	357	358	357
Sat Jun 22 15:01:19 2019	1561215679	0	357	358	344
Sat Jun 22 15:01:29 2019	1561215689	0	358	358	357
Sat Jun 22 15:01:32 2019	1561215692	1	358	359	358
Sat Jun 22 15:01:37 2019	1561215697	0	359	359	359
Sat Jun 22 15:01:13 2019	1561215673	0	359	360	359
Sat Jun 22 15:01:25 2019	1561215685	0	360	360	359
Sat Jun 22 15:01:38 2019	1561215698	0	360	361	360
Sat Jun 22 15:01:41 2019	1561215701	0	361	361	361
Sat Jun 22 15:01:32 2019	1561215692	0	361	362	361
Sat Jun 22 15:01:14 2019	1561215674	0	362	362	362
Sat Jun 22 15:01:24 2019	1561215684	0	362	363	362
Sat Jun 22 15:01:14 2019	1561215674	0	362	363	362
Sat Jun 22 15:01:30 2019	1561215690	0	363	363	359
Sat Jun 22 15:01:20 2019	1561215680	0	363	363	363
Sat Jun 22 15:01:14 2019	1561215674	0	363	364	363
Sat Jun 22 15:01:25 2019	1561215685	0	363	364	363
Sat Jun 22 15:01:21 2019	1561215681	0	363	364	363
Sat Jun 22 15:01:24 2019	1561215684	0	363	364	359
Sat Jun 22 15:01:28 2019	1561215688	0	363	364	346
Sat Jun 22 15:01:12 2019	1561215672	0	364	364	364
Sat Jun 22 15:01:34 2019	1561215694	0	364	364	364
Sat Jun 22 15:01:38 2019	1561215698	0	365	365	364
Sat Jun 22 15:01:39 2019	1561215699	0	364	365	364
Sat Jun 22 15:01:24 2019	1561215684	0	365	365	365
Sat Jun 22 15:01:13 2019	1561215673	0	365	366	352
Sat Jun 22 15:01:29 2019	1561215689	0	366	366	366
Sat Jun 22 15:01:28 2019	1561215688	0	366	366	366
Sat Jun 22 15:01:24 2019	1561215684	0	367	367	367
Sat Jun 22 15:01:16 2019	1561215676	0	367	367	367
Sat Jun 22 15:01:21 2019	1561215681	0	367	367	367
Sat Jun 22 15:01:17 2019	1561215677	0	368	368	368
Sat Jun 22 15:01:19 2019	1561215679	0	368	368	365
Sat Jun 22 15:01:24 2019	1561215684	0	369	369	369
Sat Jun 22 15:01:27 2019	1561215687	0	369	370	369
Sat Jun 22 15:01:15 2019	1561215675	0	369	370	369
Sat Jun 22 15:01:19 2019	1561215679	0	369	370	357
Sat Jun 22 15:01:36 2019	1561215696	0	370	371	370
Sat Jun 22 15:01:33 2019	1561215693	0	370	371	358
Sat Jun 22 15:01:22 2019	1561215682	0	371	371	364
Sat Jun 22 15:01:33 2019	1561215693	0	371	371	371
Sat Jun 22 15:01:15 2019	1561215675	0	371	371	371
Sat Jun 22 15:01:23 2019	1561215683	0	371	372	371
Sat Jun 22 15:01:26 2019	1561215686	0	372	372	372
Sat Jun 22 15:01:29 2019	1561215689	0	372	372	372
Sat Jun 22 15:01:40 2019	1561215700	0	372	373	372
Sat Jun 22 15:01:17 2019	1561215677	0	373	373	352
Sat Jun 22 15:01:21 2019	1561215681	0	373	373	373
Sat Jun 22 15:01:12 2019	1561215672	0	373	373	373
Sat Jun 22 15:01:14 2019	1561215674	0	374	374	374
Sat Jun 22 15:01:35 2019	1561215695	0	375	375	375
Sat Jun 22 15:01:34 2019	1561215694	0	375	375	375
Sat Jun 22 15:01:26 2019	1561215686	0	375	375	375
Sat Jun 22 15:01:19 2019	1561215679	0	375	376	375
Sat Jun 22 15:01:26 2019	1561215686	0	376	376	358
Sat Jun 22 15:01:15 2019	1561215675	0	376	376	376
Sat Jun 22 15:01:24 2019	1561215684	0	376	376	368
Sat Jun 22 15:01:39 2019	1561215699	0	377	377	362
Sat Jun 22 15:01:18 2019	1561215678	0	377	377	377
Sat Jun 22 15:01:28 2019	1561215688	0	378	378	377
Sat Jun 22 15:01:18 2019	1561215678	0	378	378	378
Sat Jun 22 15:01:35 2019	1561215695	0	378	379	378
Sat Jun 22 15:01:21 2019	1561215681	0	379	380	379
Sat Jun 22 15:01:25 2019	1561215685	0	380	380	366
Sat Jun 22 15:01:32 2019	1561215692	0	380	380	380
Sat Jun 22 15:01:41 2019	1561215701	0	380	381	380
Sat Jun 22 15:01:35 2019	1561215695	0	380	381	380
Sat Jun 22 15:01:33 2019	1561215693	0	381	382	381
Sat Jun 22 15:01:40 2019	1561215700	0	381	382	381
Sat Jun 22 15:01:19 2019	1561215679	0	382	382	382
Sat Jun 22 15:01:39 2019	1561215699	0	382	383	350
Sat Jun 22 15:01:22 2019	1561215682	0	383	383	383
Sat Jun 22 15:01:25 2019	1561215685	0	384	384	384
Sat Jun 22 15:01:32 2019	1561215692	0	384	384	372
Sat Jun 22 15:01:37 2019	1561215697	0	384	385	366
Sat Jun 22 15:01:18 2019	1561215678	0	384	385	384
Sat Jun 22 15:01:22 2019	1561215682	0	385	385	385
Sat Jun 22 15:01:30 2019	1561215690	0	385	386	385
Sat Jun 22 15:01:38 2019	1561215698	0	386	386	386
Sat Jun 22 15:01:21 2019	1561215681	0	385	386	377
Sat Jun 22 15:01:37 2019	1561215697	0	386	386	386
Sat Jun 22 15:01:29 2019	1561215689	0	386	386	385
Sat Jun 22 15:01:34 2019	1561215694	0	386	387	386
Sat Jun 22 15:01:40 2019	1561215700	0	387	387	386
Sat Jun 22 15:01:34 2019	1561215694	0	387	387	387
Sat Jun 22 15:01:12 2019	1561215672	0	388	388	373
Sat Jun 22 15:01:41 2019	1561215701	0	388	389	388
Sat Jun 22 15:01:21 2019	1561215681	0	389	389	389
Sat Jun 22 15:01:15 2019	1561215675	0	389	390	389
Sat Jun 22 15:01:38 2019	1561215698	0	390	390	390
Sat Jun 22 15:01:18 2019	1561215678	0	391	391	391
Sat Jun 22 15:01:21 2019	1561215681	0	392	393	392
Sat Jun 22 15:01:25 2019	1561215685	0	393	393	393
Sat Jun 22 15:01:15 2019	1561215675	0	393	393	380
Sat Jun 22 15:01:27 2019	1561215687	0	395	395	395
Sat Jun 22 15:01:18 2019	1561215678	0	395	395	395
Sat Jun 22 15:01:23 2019	1561215683	0	396	396	388
Sat Jun 22 15:01:22 2019	1561215682	0	396	396	387
Sat Jun 22 15:01:33 2019	1561215693	0	396	396	396
Sat Jun 22 15:01:39 2019	1561215699	0	398	398	398
Sat Jun 22 15:01:31 2019	1561215691	0	398	398	398
Sat Jun 22 15:01:20 2019	1561215680	0	399	399	399
Sat Jun 22 15:01:39 2019	1561215699	0	400	400	400
Sat Jun 22 15:01:14 2019	1561215674	0	401	401	401
Sat Jun 22 15:01:15 2019	1561215675	0	401	401	401
Sat Jun 22 15:01:36 2019	1561215696	0	402	402	401
Sat Jun 22 15:01:36 2019	1561215696	0	402	403	402
Sat Jun 22 15:01:31 2019	1561215691	0	406	407	406
Sat Jun 22 15:01:35 2019	1561215695	1	407	407	407
Sat Jun 22 15:01:39 2019	1561215699	0	407	408	407
Sat Jun 22 15:01:27 2019	1561215687	0	408	408	408
Sat Jun 22 15:01:20 2019	1561215680	0	409	409	400
Sat Jun 22 15:01:39 2019	1561215699	0	410	410	410
Sat Jun 22 15:01:20 2019	1561215680	0	410	410	410
Sat Jun 22 15:01:19 2019	1561215679	0	410	411	410
Sat Jun 22 15:01:13 2019	1561215673	0	410	411	401
Sat Jun 22 15:01:27 2019	1561215687	0	411	411	411
Sat Jun 22 15:01:14 2019	1561215674	0	411	412	411
Sat Jun 22 15:01:20 2019	1561215680	0	412	412	412
Sat Jun 22 15:01:23 2019	1561215683	0	413	413	413
Sat Jun 22 15:01:14 2019	1561215674	0	414	414	414
Sat Jun 22 15:01:20 2019	1561215680	0	414	414	414
Sat Jun 22 15:01:15 2019	1561215675	0	414	415	414
Sat Jun 22 15:01:27 2019	1561215687	0	416	417	416
Sat Jun 22 15:01:39 2019	1561215699	0	416	417	416
Sat Jun 22 15:01:14 2019	1561215674	0	418	418	418
Sat Jun 22 15:01:33 2019	1561215693	0	420	420	419
Sat Jun 22 15:01:41 2019	1561215701	0	420	420	410
Sat Jun 22 15:01:27 2019	1561215687	0	420	420	420
Sat Jun 22 15:01:14 2019	1561215674	0	420	421	415
Sat Jun 22 15:01:39 2019	1561215699	0	426	426	425
Sat Jun 22 15:01:27 2019	1561215687	0	426	426	425
Sat Jun 22 15:01:22 2019	1561215682	0	426	426	426
Sat Jun 22 15:01:39 2019	1561215699	0	429	429	429
Sat Jun 22 15:01:34 2019	1561215694	0	431	431	431
Sat Jun 22 15:01:41 2019	1561215701	0	435	436	423
Sat Jun 22 15:01:36 2019	1561215696	0	437	437	431
Sat Jun 22 15:01:17 2019	1561215677	0	447	447	438
Sat Jun 22 15:01:30 2019	1561215690	0	452	453	452
Sat Jun 22 15:01:27 2019	1561215687	0	463	464	463
Sat Jun 22 15:01:30 2019	1561215690	0	469	469	433
Sat Jun 22 15:01:26 2019	1561215686	0	472	472	472
Sat Jun 22 15:01:34 2019	1561215694	0	475	475	475
Sat Jun 22 15:01:30 2019	1561215690	0	476	477	476
Sat Jun 22 15:01:41 2019	1561215701	0	514	515	514
Sat Jun 22 15:01:38 2019	1561215698	0	545	545	538
